Month,Percentage
January,0.061647167
February,0.067146304
March,0.083656689
April,0.096346257
May,0.097943413
June,0.096428013
July,0.101374336
August,0.095853953
September,0.088962981
October,0.082776073
November,0.068251362
December,0.059613454
